iter	RMSE
0	0.5085018899
1	0.4562558746
2	0.4372736453
3	0.4272028003
4	0.4225185305
5	0.4186815081
6	0.4165932364
7	0.4148034921
8	0.4136917273
9	0.4126532386
10	0.4115456912
11	0.4107113051
12	0.4100668086
13	0.4096173035
14	0.4087430606
15	0.4081540507
16	0.4075016223
